{
  "ABC361D": {
    "added_time": 1772964089.4850073,
    "times_reviewed": 0,
    "review_time": 1773007289.4850073
  }
}