{
  "ABC361D": {
    "added_time": 1772964089.4850073,
    "times_reviewed": 4,
    "review_time": 1775927146.045651
  },
  "ABC254E": {
    "added_time": 1772966220.1495018,
    "times_reviewed": 4,
    "review_time": 1776211185.693369
  },
  "ABC257D": {
    "added_time": 1773004797.5786872,
    "times_reviewed": 4,
    "review_time": 1776211190.2955215
  },
  "ABC176E": {
    "added_time": 1773013025.789731,
    "times_reviewed": 4,
    "review_time": 1775927085.7279415
  },
  "ABC105C": {
    "added_time": 1773016556.5256736,
    "times_reviewed": 4,
    "review_time": 1775926968.9876328
  },
  "ABC147D": {
    "added_time": 1773032328.8264606,
    "times_reviewed": 4,
    "review_time": 1775933017.6648712
  },
  "ABC329F": {
    "added_time": 1773033616.5950272,
    "times_reviewed": 4,
    "review_time": 1775927002.6576576
  },
  "ABC237E": {
    "added_time": 1773054039.919064,
    "times_reviewed": 4,
    "review_time": 1776211162.4328349
  },
  "ABC157D": {
    "added_time": 1773055831.7852695,
    "times_reviewed": 4,
    "review_time": 1775925663.679531
  },
  "ABC446E": {
    "added_time": 1773056178.7871315,
    "times_reviewed": 4,
    "review_time": 1775923995.4870117
  },
  "ABC270E": {
    "added_time": 1773098413.61949,
    "times_reviewed": 4,
    "review_time": 1776738171.4462507
  },
  "CF1842D": {
    "added_time": 1773200552.9837542,
    "times_reviewed": 3,
    "review_time": 1774999662.567871
  },
  "ABC415E": {
    "added_time": 1773201366.2716942,
    "times_reviewed": 3,
    "review_time": 1775001654.2949333
  },
  "ABC361E": {
    "added_time": 1773201375.9882772,
    "times_reviewed": 3,
    "review_time": 1774608101.5457866
  },
  "ABC262D": {
    "added_time": 1773202211.6054926,
    "times_reviewed": 3,
    "review_time": 1775001660.3609407
  },
  "ABC299E": {
    "added_time": 1773204217.4492733,
    "times_reviewed": 3,
    "review_time": 1774635477.8658237
  },
  "ABC353E": {
    "added_time": 1773209064.7721922,
    "times_reviewed": 4,
    "review_time": 1776738679.608288
  },
  "ABC200D": {
    "added_time": 1773213382.203271,
    "times_reviewed": 3,
    "review_time": 1774524727.8510022
  },
  "ABC392E": {
    "added_time": 1773273162.093445,
    "times_reviewed": 2,
    "review_time": 1774370431.7124944
  },
  "CF1797D": {
    "added_time": 1773276957.0098863,
    "times_reviewed": 3,
    "review_time": 1774632433.3335986
  },
  "ABC338E": {
    "added_time": 1773280171.3423848,
    "times_reviewed": 3,
    "review_time": 1775531048.0874429
  },
  "ABC89D": {
    "added_time": 1773292255.9107926,
    "times_reviewed": 2,
    "review_time": 1774636020.712729
  },
  "ABC425E": {
    "added_time": 1773293814.47974,
    "times_reviewed": 4,
    "review_time": 1777048390.7112474
  },
  "ABC408E": {
    "added_time": 1773299598.187562,
    "times_reviewed": 3,
    "review_time": 1775002033.6491048
  },
  "ABC354E": {
    "added_time": 1773311130.6693523,
    "times_reviewed": 3,
    "review_time": 1774990371.5823674
  },
  "ABC341E": {
    "added_time": 1773312714.8810492,
    "times_reviewed": 3,
    "review_time": 1774988252.0657318
  },
  "ABC62C": {
    "added_time": 1773320526.5142577,
    "times_reviewed": 4,
    "review_time": 1776739035.5765586
  },
  "ABC256E": {
    "added_time": 1773328079.0876045,
    "times_reviewed": 2,
    "review_time": 1774288797.8483334
  },
  "ABC198D": {
    "added_time": 1773329868.7906802,
    "times_reviewed": 3,
    "review_time": 1775002206.075068
  },
  "ABC362E": {
    "added_time": 1773339852.4934764,
    "times_reviewed": 3,
    "review_time": 1774629714.9924293
  },
  "CF1921F": {
    "added_time": 1773366346.1256893,
    "times_reviewed": 2,
    "review_time": 1774183197.751956
  },
  "CF1992F": {
    "added_time": 1773369062.6812286,
    "times_reviewed": 3,
    "review_time": 1775000270.6389182
  },
  "ABC400E": {
    "added_time": 1773384870.668854,
    "times_reviewed": 3,
    "review_time": 1774989125.5798588
  },
  "ABC438E": {
    "added_time": 1773421751.3384085,
    "times_reviewed": 3,
    "review_time": 1774982680.2777305
  },
  "ABC96D": {
    "added_time": 1773451871.4880934,
    "times_reviewed": 3,
    "review_time": 1775592087.539592
  },
  "ABC390E": {
    "added_time": 1773453991.0251725,
    "times_reviewed": 3,
    "review_time": 1774981409.0441685
  },
  "CF2131F": {
    "added_time": 1773467992.5015733,
    "times_reviewed": 0,
    "review_time": 1773511192.5015733
  },
  "CF2014H": {
    "added_time": 1773474559.3183296,
    "times_reviewed": 1,
    "review_time": 1773730579.8938215
  },
  "CF2094H": {
    "added_time": 1773549911.5180488,
    "times_reviewed": 2,
    "review_time": 1774164133.8228145
  },
  "CF959D": {
    "added_time": 1773553392.2062883,
    "times_reviewed": 1,
    "review_time": 1773732478.4328113
  },
  "ABC327E": {
    "added_time": 1773567797.9864845,
    "times_reviewed": 3,
    "review_time": 1774989934.9057724
  },
  "ABC266E": {
    "added_time": 1773580494.0585263,
    "times_reviewed": 2,
    "review_time": 1774261320.5908594
  },
  "ABC251E": {
    "added_time": 1773581510.3071573,
    "times_reviewed": 3,
    "review_time": 1774986477.6765594
  },
  "ABC174E": {
    "added_time": 1773584906.6588025,
    "times_reviewed": 2,
    "review_time": 1774371752.7828233
  },
  "ABC264E": {
    "added_time": 1773586105.0966632,
    "times_reviewed": 2,
    "review_time": 1774353163.8079004
  },
  "ABC417D": {
    "added_time": 1773592939.7981293,
    "times_reviewed": 3,
    "review_time": 1775000805.003512
  },
  "CF1899G": {
    "added_time": 1773637070.786041,
    "times_reviewed": 3,
    "review_time": 1775839398.0772588
  },
  "CF1977C": {
    "added_time": 1773639469.6489835,
    "times_reviewed": 2,
    "review_time": 1774632282.4405005
  },
  "ABC380E": {
    "added_time": 1773666608.4390025,
    "times_reviewed": 1,
    "review_time": 1774117045.841198
  },
  "ABC164D": {
    "added_time": 1773666687.9555607,
    "times_reviewed": 3,
    "review_time": 1775531276.651159
  },
  "ABC338D": {
    "added_time": 1773678744.9950953,
    "times_reviewed": 3,
    "review_time": 1775591965.1341813
  },
  "ABC398E": {
    "added_time": 1773682347.853745,
    "times_reviewed": 3,
    "review_time": 1774988819.9877973
  },
  "ABC428D": {
    "added_time": 1773684134.6167984,
    "times_reviewed": 3,
    "review_time": 1775835427.070929
  },
  "ABC307E": {
    "added_time": 1773737716.7045844,
    "times_reviewed": 2,
    "review_time": 1774371788.1282182
  },
  "ABC379E": {
    "added_time": 1773747986.778849,
    "times_reviewed": 2,
    "review_time": 1774371726.398432
  },
  "ABC176D": {
    "added_time": 1773749673.9194393,
    "times_reviewed": 2,
    "review_time": 1774655680.8655753
  },
  "ABC241E": {
    "added_time": 1773808755.4164245,
    "times_reviewed": 3,
    "review_time": 1775002066.7358327
  },
  "ABC387C": {
    "added_time": 1773814386.1482253,
    "times_reviewed": 2,
    "review_time": 1774285431.5107436
  },
  "CF2173D": {
    "added_time": 1773894446.9589043,
    "times_reviewed": 0,
    "review_time": 1773937646.9589043
  },
  "CF1650E": {
    "added_time": 1773983169.7813444,
    "times_reviewed": 1,
    "review_time": 1774118663.1027963
  },
  "CF1980F1": {
    "added_time": 1773989292.2601068,
    "times_reviewed": 1,
    "review_time": 1774162493.1855352
  },
  "CF1996F": {
    "added_time": 1774067322.674147,
    "times_reviewed": 0,
    "review_time": 1774110522.674147
  },
  "CF1955G": {
    "added_time": 1774069232.2222958,
    "times_reviewed": 1,
    "review_time": 1774471206.8003328
  },
  "CF1546D": {
    "added_time": 1774074706.5669587,
    "times_reviewed": 0,
    "review_time": 1774117906.5669587
  },
  "CF1545B": {
    "added_time": 1774074714.0485091,
    "times_reviewed": 0,
    "review_time": 1774117914.0485091
  },
  "CF2184G": {
    "added_time": 1774089034.981924,
    "times_reviewed": 1,
    "review_time": 1775319596.7902944
  },